"out","Freq"
"(0,20]",0.087445360009405
"(20,40]",0.297102610963267
"(40,55]",0.257558754689153
"(55,70]",0.232720937937521
"(70,90]",0.125172336400654
