"Var1","Freq"
"AmInd",0.00552701804719061
"Asian/PI",0.19196894744059
"Black/AfAm",0.0532661090425812
"White",0.749237925469638
